participant_id	source_patient_id	sex	age	site_code	in_1min_atlas	in_10min_nrem
sub-001	1	M	34	G	yes	no
sub-002	2	M	18	G	yes	yes
sub-003	3	M	46	G	yes	yes
sub-004	4	F	16	G	yes	no
sub-005	5	M	27	G	yes	yes
sub-006	6	M	32	G	yes	yes
sub-007	7	F	40	G	yes	no
sub-008	8	M	44	G	yes	yes
sub-009	9	M	28	G	yes	yes
sub-010	10	F	15	G	yes	yes
sub-011	11	M	29	G	yes	yes
sub-012	12	F	38	G	yes	yes
sub-013	13	F	23	G	yes	no
sub-014	14	F	34	G	yes	yes
sub-015	15	M	33	G	yes	yes
sub-016	16	F	19	G	yes	yes
sub-017	17	F	51	G	yes	yes
sub-018	18	M	41	G	yes	yes
sub-019	19	F	36	G	yes	no
sub-020	20	M	35	G	yes	yes
sub-021	21	F	45	G	yes	yes
sub-022	22	M	37	G	yes	yes
sub-023	23	M	19	G	yes	yes
sub-024	24	F	26	G	yes	yes
sub-025	25	M	37	G	yes	yes
sub-026	26	M	17	G	yes	yes
sub-027	27	M	24	G	yes	yes
sub-028	28	F	30	G	yes	yes
sub-029	29	M	35	G	yes	yes
sub-030	30	F	32	G	yes	yes
sub-031	31	M	14	G	yes	yes
sub-032	32	F	29	G	yes	no
sub-033	33	M	33	G	yes	yes
sub-034	34	M	41	G	yes	yes
sub-035	35	M	39	G	yes	no
sub-036	36	F	15	G	yes	yes
sub-037	37	F	23	G	yes	yes
sub-038	38	M	19	G	yes	yes
sub-039	39	M	29	G	yes	no
sub-040	40	F	47	G	yes	yes
sub-041	41	F	32	G	yes	yes
sub-042	42	F	21	G	yes	yes
sub-043	43	M	24	G	yes	yes
sub-044	44	F	24	G	yes	yes
sub-045	45	M	51	G	yes	no
sub-046	46	M	57	G	yes	no
sub-047	47	F	23	G	yes	yes
sub-048	48	M	52	G	yes	yes
sub-049	49	M	48	G	yes	yes
sub-050	50	M	35	M	yes	yes
sub-052	52	M	47	M	yes	yes
sub-053	53	M	38	M	yes	yes
sub-054	54	F	43	M	yes	yes
sub-055	55	M	38	M	yes	yes
sub-056	56	M	36	M	yes	yes
sub-057	57	M	36	M	yes	no
sub-058	58	M	39	M	yes	yes
sub-059	59	M	42	M	yes	yes
sub-060	60	M	38	M	yes	yes
sub-061	61	F	20	M	yes	yes
sub-062	62	M	30	M	yes	yes
sub-063	63	F	57	M	yes	yes
sub-064	64	F	23	M	yes	yes
sub-065	65	M	33	M	yes	yes
sub-066	66	F	27	M	yes	yes
sub-067	67	F	38	M	yes	yes
sub-068	68	M	45	M	yes	yes
sub-069	69	F	36	M	yes	yes
sub-070	70	F	40	M	yes	yes
sub-071	71	M	29	M	yes	yes
sub-072	72	M	36	M	yes	yes
sub-073	73	F	38	M	yes	yes
sub-074	74	M	26	M	yes	yes
sub-075	75	F	42	M	yes	yes
sub-076	76	M	38	M	yes	yes
sub-077	77	F	55	M	yes	yes
sub-078	78	M	40	M	yes	yes
sub-079	79	M	41	M	yes	no
sub-080	80	M	30	M	yes	yes
sub-081	81	M	46	M	yes	yes
sub-082	82	F	38	M	yes	yes
sub-083	83	M	53	M	yes	yes
sub-084	84	M	33	M	yes	yes
sub-085	85	F	25	M	yes	yes
sub-087	87	F	32	M	yes	yes
sub-088	88	M	21	M	yes	yes
sub-089	89	F	25	M	yes	yes
sub-090	90	F	22	M	yes	yes
sub-091	91	F	62	N	yes	yes
sub-092	92	F	32	N	yes	yes
sub-093	93	M	25	N	yes	yes
sub-094	94	F	18	N	yes	yes
sub-096	96	F	42	N	yes	no
sub-097	97	F	39	N	yes	yes
sub-098	98	F	13	N	yes	yes
sub-099	99	M	41	N	yes	yes
sub-100	100	M	24	N	yes	yes
sub-101	101	M	49	N	yes	no
sub-102	102	M	24	N	yes	yes
sub-103	103	F	24	N	yes	yes
sub-104	104	F	37	N	yes	no
sub-106	106	M	27	N	yes	yes
sub-107	107	M	34	N	yes	yes
sub-108	108	F	19	N	yes	yes
sub-109	109	F	30	N	yes	yes
sub-110	110	F	27	N	yes	yes
