name	type	units	low_cutoff	high_cutoff	sampling_frequency	reference	status	status_description
GD037Lv_14	SEEG	µV	n/a	80	200	bipolar	good	Channel in gray matter deemed to show normal activity by the source authors
GD037Lr_1	SEEG	µV	n/a	80	200	bipolar	good	Channel in gray matter deemed to show normal activity by the source authors
GD037Lr_3	SEEG	µV	n/a	80	200	bipolar	good	Channel in gray matter deemed to show normal activity by the source authors
GD037Lr_4	SEEG	µV	n/a	80	200	bipolar	good	Channel in gray matter deemed to show normal activity by the source authors
GD037Lr_5	SEEG	µV	n/a	80	200	bipolar	good	Channel in gray matter deemed to show normal activity by the source authors
GD037Ls_3	SEEG	µV	n/a	80	200	bipolar	good	Channel in gray matter deemed to show normal activity by the source authors
GD037Ls_4	SEEG	µV	n/a	80	200	bipolar	good	Channel in gray matter deemed to show normal activity by the source authors
GD037Ls_5	SEEG	µV	n/a	80	200	bipolar	good	Channel in gray matter deemed to show normal activity by the source authors
GD037Lv_12	SEEG	µV	n/a	80	200	bipolar	good	Channel in gray matter deemed to show normal activity by the source authors
